id,run,source_dir,generator_label,natoms,n_C24,n_C20,E0_eV,E0_per_atom_eV,gap_PBE_eV
REF-32,results_reference,results_reference/32,,64,1,2,-523.50727,-8.179801,0.3291
REF-84,results_reference,results_reference/84,,104,1,4,-858.98477,-8.259469,0.0624
REF-67,results_reference,results_reference/67,,84,1,3,-692.55013,-8.244644,0.2418
REF-18,results_reference,results_reference/18,,64,1,2,-524.18379,-8.190372,0.6146
REF-211,results_reference,results_reference/211,,168,2,6,-1386.5305,-8.253158,0.0193
REF-167,results_reference,results_reference/167,,128,2,4,-1044.7949,-8.16246,0.0008
REF-43,results_reference,results_reference/43,,64,1,2,-532.45586,-8.319623,0.1016
REF-266,results_reference,results_reference/266,,188,2,7,-1551.5065,-8.252694,-0.0037
REF-135,results_reference,results_reference/135,,88,2,2,-725.13705,-8.240194,0.0706
REF-53,results_reference,results_reference/53,,84,1,3,-696.72017,-8.294288,0.0128
REF-158,results_reference,results_reference/158,,108,2,3,-896.30561,-8.299126,0.0485
REF-108,results_reference,results_reference/108,,68,2,1,-566.84259,-8.33592,0.117
REF-161,results_reference,results_reference/161,,128,2,4,-1060.8569,-8.287945,0.4159
REF-22,results_reference,results_reference/22,,64,1,2,-529.75752,-8.277461,0.1001
REF-134,results_reference,results_reference/134,,88,2,2,-729.67113,-8.291717,0.1039
REF-127,results_reference,results_reference/127,,88,2,2,-727.4836,-8.266859,0.0944
REF-245,results_reference,results_reference/245,,168,2,6,-1386.7769,-8.254624,0.012
REF-113,results_reference,results_reference/113,,68,2,1,-563.93785,-8.293204,0.1009
REF-75,results_reference,results_reference/75,,84,1,3,-689.79311,-8.211823,0.1153
REF-56,results_reference,results_reference/56,,84,1,3,-690.53142,-8.220612,0.3002
REF-19,results_reference,results_reference/19,,64,1,2,-532.9979,-8.328092,0.167
REF-143,results_reference,results_reference/143,,108,2,3,-886.34338,-8.206883,0.0568
REF-162,results_reference,results_reference/162,,128,2,4,-1051.4859,-8.214734,0.0318
REF-156,results_reference,results_reference/156,,108,2,3,-893.4122,-8.272335,0.0679
REF-250,results_reference,results_reference/250,,168,2,6,-1397.8071,-8.32028,0.0022
REF-160,results_reference,results_reference/160,,108,2,3,-887.04141,-8.213346,0.0447
REF-42,results_reference,results_reference/42,,64,1,2,-527.58349,-8.243492,0.1374
REF-77,results_reference,results_reference/77,,84,1,3,-698.29565,-8.313043,0.0582
REF-117,results_reference,results_reference/117,,68,2,1,-566.13634,-8.325534,0.2867
REF-187,results_reference,results_reference/187,,128,2,4,-1059.4148,-8.276678,0.5754
REF-36,results_reference,results_reference/36,,64,1,2,-530.82892,-8.294202,0.264
REF-183,results_reference,results_reference/183,,128,2,4,-1052.1366,-8.219817,0.0002
REF-199,results_reference,results_reference/199,,128,2,4,-1055.1273,-8.243182,0.0007
REF-217,results_reference,results_reference/217,,168,2,6,-1379.6654,-8.212294,-0.0036
REF-197,results_reference,results_reference/197,,128,2,4,-1060.2079,-8.282874,0.0011
REF-37,results_reference,results_reference/37,,64,1,2,-536.12428,-8.376942,0.7799
REF-268,results_reference,results_reference/268,,188,2,7,-1571.4746,-8.358907,0.0044
REF-219,results_reference,results_reference/219,,168,2,6,-1393.0855,-8.292176,0.0164
REF-114,results_reference,results_reference/114,,68,2,1,-564.73102,-8.304868,-0.0041
REF-65,results_reference,results_reference/65,,84,1,3,-691.08064,-8.22715,0.0518
REF-104,results_reference,results_reference/104,,68,2,1,-559.32382,-8.22535,0.079
REF-243,results_reference,results_reference/243,,168,2,6,-1387.7824,-8.26061,0.0113
REF-78,results_reference,results_reference/78,,84,1,3,-703.45094,-8.374416,0.2162
REF-34,results_reference,results_reference/34,,64,1,2,-529.42708,-8.272298,0.351
REF-179,results_reference,results_reference/179,,128,2,4,-1045.0202,-8.16422,0.8028
REF-24,results_reference,results_reference/24,,64,1,2,-526.25436,-8.222724,0.3904
REF-13,results_reference,results_reference/13,,44,1,1,-360.96022,-8.203641,0.2369
REF-122,results_reference,results_reference/122,,68,2,1,-567.78479,-8.349776,0.4994
REF-123,results_reference,results_reference/123,,68,2,1,-569.92394,-8.381234,0.4993
REF-173,results_reference,results_reference/173,,128,2,4,-1043.9001,-8.15547,0.0006
REF-6,results_reference,results_reference/6,,44,1,1,-363.33322,-8.257573,0.6282
REF-188,results_reference,results_reference/188,,128,2,4,-1056.3307,-8.252584,0.0133
REF-48,results_reference,results_reference/48,,64,1,2,-534.98692,-8.359171,1.1926
REF-26,results_reference,results_reference/26,,64,1,2,-528.09604,-8.251501,0.1373
REF-171,results_reference,results_reference/171,,128,2,4,-1056.0791,-8.250618,0.0782
REF-102,results_reference,results_reference/102,,68,2,1,-568.43336,-8.359314,0.104
REF-49,results_reference,results_reference/49,,84,1,3,-697.21138,-8.300135,0.04
REF-155,results_reference,results_reference/155,,108,2,3,-894.19751,-8.279607,0.0051
REF-47,results_reference,results_reference/47,,64,1,2,-529.6043,-8.275067,0.0056
REF-144,results_reference,results_reference/144,,108,2,3,-881.80768,-8.164886,0.0171
REF-170,results_reference,results_reference/170,,128,2,4,-1055.2784,-8.244362,-0.0001
REF-20,results_reference,results_reference/20,,64,1,2,-529.39958,-8.271868,0.4878
REF-270,results_reference,results_reference/270,,188,2,7,-1571.003,-8.356399,0.031
REF-120,results_reference,results_reference/120,,68,2,1,-559.33887,-8.225572,0.2325
REF-57,results_reference,results_reference/57,,84,1,3,-697.51431,-8.303742,0.1362
REF-10,results_reference,results_reference/10,,44,1,1,-363.41451,-8.259421,0.3582
REF-79,results_reference,results_reference/79,,84,1,3,-695.61172,-8.281092,0.0352
REF-71,results_reference,results_reference/71,,84,1,3,-691.12993,-8.227737,0.0389
REF-141,results_reference,results_reference/141,,108,2,3,-893.72262,-8.275209,-0.0102
REF-186,results_reference,results_reference/186,,128,2,4,-1046.1148,-8.172772,0.5664
REF-3,results_reference,results_reference/3,,44,1,1,-362.61125,-8.241165,-0.0428
REF-201,results_reference,results_reference/201,,148,2,5,-1213.2712,-8.197778,0.0364
REF-106,results_reference,results_reference/106,,68,2,1,-560.74597,-8.246264,0.1327
REF-101,results_reference,results_reference/101,,68,2,1,-557.43325,-8.197548,0.395
REF-189,results_reference,results_reference/189,,128,2,4,-1057.2063,-8.259424,0.1271
REF-254,results_reference,results_reference/254,,188,2,7,-1562.445,-8.310878,-0.0069
REF-218,results_reference,results_reference/218,,168,2,6,-1374.8547,-8.183659,0.1611
REF-121,results_reference,results_reference/121,,68,2,1,-556.69199,-8.186647,0.03
REF-251,results_reference,results_reference/251,,188,2,7,-1569.4724,-8.348257,0.2115
REF-182,results_reference,results_reference/182,,128,2,4,-1055.9281,-8.249438,0.0013
REF-51,results_reference,results_reference/51,,84,1,3,-694.93079,-8.272986,0.1015
REF-72,results_reference,results_reference/72,,84,1,3,-703.21875,-8.371652,0.0363
REF-70,results_reference,results_reference/70,,84,1,3,-696.20969,-8.288211,0.3323
REF-107,results_reference,results_reference/107,,68,2,1,-566.22846,-8.326889,0.4675
REF-203,results_reference,results_reference/203,,148,2,5,-1217.8546,-8.228747,0.0015
REF-58,results_reference,results_reference/58,,84,1,3,-694.14773,-8.263663,-0.0421
REF-30,results_reference,results_reference/30,,64,1,2,-528.26283,-8.254107,0.3347
REF-91,results_reference,results_reference/91,,104,1,4,-856.89933,-8.239417,0.0602
REF-138,results_reference,results_reference/138,,88,2,2,-730.08852,-8.29646,0.0162
REF-59,results_reference,results_reference/59,,84,1,3,-701.80353,-8.354804,0.3442
REF-80,results_reference,results_reference/80,,84,1,3,-696.56324,-8.29242,1.0328
REF-109,results_reference,results_reference/109,,68,2,1,-561.69462,-8.260215,0.0061
REF-92,results_reference,results_reference/92,,104,1,4,-851.71233,-8.189542,0.1236
REF-168,results_reference,results_reference/168,,128,2,4,-1052.2333,-8.220573,0.0021
REF-110,results_reference,results_reference/110,,68,2,1,-563.68621,-8.289503,0.0347
REF-132,results_reference,results_reference/132,,88,2,2,-733.06829,-8.330321,0.0809
REF-14,results_reference,results_reference/14,,44,1,1,-366.1035,-8.320534,0.0382
REF-129,results_reference,results_reference/129,,88,2,2,-727.19135,-8.263538,-0.04
REF-196,results_reference,results_reference/196,,128,2,4,-1057.5706,-8.26227,0.8077
REF-164,results_reference,results_reference/164,,128,2,4,-1062.4834,-8.300652,0.0716
REF-41,results_reference,results_reference/41,,64,1,2,-525.83579,-8.216184,0.3193
REF-136,results_reference,results_reference/136,,88,2,2,-728.59423,-8.27948,0.0481
REF-145,results_reference,results_reference/145,,108,2,3,-891.80659,-8.257468,0.0221
REF-269,results_reference,results_reference/269,,188,2,7,-1567.5398,-8.337978,0.0492
REF-11,results_reference,results_reference/11,,44,1,1,-365.40289,-8.304611,0.1797
REF-93,results_reference,results_reference/93,,104,1,4,-860.87171,-8.277613,0.1551
REF-204,results_reference,results_reference/204,,148,2,5,-1201.795,-8.120236,0.0012
REF-76,results_reference,results_reference/76,,84,1,3,-695.09372,-8.274925,0.0549
REF-97,results_reference,results_reference/97,,104,1,4,-862.19197,-8.290307,0.0385
REF-31,results_reference,results_reference/31,,64,1,2,-532.55131,-8.321114,0.2295
REF-133,results_reference,results_reference/133,,88,2,2,-726.17097,-8.251943,0.0276
REF-23,results_reference,results_reference/23,,64,1,2,-524.79725,-8.199957,0.1024
REF-267,results_reference,results_reference/267,,188,2,7,-1566.8162,-8.334129,0.303
REF-192,results_reference,results_reference/192,,128,2,4,-1053.2903,-8.22883,0.0011
REF-140,results_reference,results_reference/140,,108,2,3,-887.80227,-8.220391,-0.0108
REF-142,results_reference,results_reference/142,,108,2,3,-896.35864,-8.299617,0.0505
REF-8,results_reference,results_reference/8,,44,1,1,-365.23611,-8.300821,0.8024
REF-126,results_reference,results_reference/126,,88,2,2,-729.29355,-8.287427,0.1503
REF-185,results_reference,results_reference/185,,128,2,4,-1058.0727,-8.266193,0.0313
REF-1,results_reference,results_reference/1,,44,1,1,-363.93133,-8.271167,0.3123
REF-28,results_reference,results_reference/28,,64,1,2,-529.51846,-8.273726,0.0282
REF-202,results_reference,results_reference/202,,148,2,5,-1202.4916,-8.124943,0.1993
REF-253,results_reference,results_reference/253,,188,2,7,-1569.1524,-8.346555,0.0006
REF-16,results_reference,results_reference/16,,44,1,1,-364.20449,-8.277375,0.8264
REF-225,results_reference,results_reference/225,,168,2,6,-1380.7256,-8.218605,0.6033
REF-249,results_reference,results_reference/249,,168,2,6,-1380.9773,-8.220103,0.0598
REF-61,results_reference,results_reference/61,,84,1,3,-693.45635,-8.255433,0.0357
REF-12,results_reference,results_reference/12,,44,1,1,-359.83465,-8.17806,0.8775
REF-98,results_reference,results_reference/98,,68,2,1,-553.77471,-8.143746,0.1629
REF-159,results_reference,results_reference/159,,108,2,3,-893.97831,-8.277577,0.0045
REF-137,results_reference,results_reference/137,,88,2,2,-728.17307,-8.274694,0.0521
REF-180,results_reference,results_reference/180,,128,2,4,-1054.9592,-8.241869,0.0414
REF-176,results_reference,results_reference/176,,128,2,4,-1057.0433,-8.258151,0.0004
REF-40,results_reference,results_reference/40,,64,1,2,-526.72902,-8.230141,0.0946
REF-184,results_reference,results_reference/184,,128,2,4,-1055.6892,-8.247572,0.0025
REF-96,results_reference,results_reference/96,,104,1,4,-855.49705,-8.225933,0.4965
REF-81,results_reference,results_reference/81,,104,1,4,-853.93427,-8.210906,0.0157
REF-2,results_reference,results_reference/2,,44,1,1,-363.80672,-8.268335,-0.1449
REF-190,results_reference,results_reference/190,,128,2,4,-1058.8847,-8.272537,0.0829
REF-172,results_reference,results_reference/172,,128,2,4,-1058.2112,-8.267275,0.0392
REF-9,results_reference,results_reference/9,,44,1,1,-365.18291,-8.299612,0.617
REF-247,results_reference,results_reference/247,,168,2,6,-1376.6194,-8.194163,0.0554
REF-275,results_reference,results_reference/275,,188,2,7,-1548.2366,-8.235301,0.0092
REF-73,results_reference,results_reference/73,,84,1,3,-701.42603,-8.35031,0.0047
REF-95,results_reference,results_reference/95,,104,1,4,-854.72097,-8.218471,0.0335
REF-63,results_reference,results_reference/63,,84,1,3,-700.54573,-8.33983,0.1553
REF-116,results_reference,results_reference/116,,68,2,1,-560.24525,-8.238901,0.4837
REF-27,results_reference,results_reference/27,,64,1,2,-529.62866,-8.275448,0.1262
REF-21,results_reference,results_reference/21,,64,1,2,-533.51858,-8.336228,0.1263
REF-215,results_reference,results_reference/215,,168,2,6,-1398.3953,-8.323782,0.1005
REF-44,results_reference,results_reference/44,,64,1,2,-529.44025,-8.272504,0.0958
REF-74,results_reference,results_reference/74,,84,1,3,-690.61246,-8.221577,0.0949
REF-181,results_reference,results_reference/181,,128,2,4,-1055.9673,-8.249745,0.0032
REF-60,results_reference,results_reference/60,,84,1,3,-700.99218,-8.345145,0.5909
REF-45,results_reference,results_reference/45,,64,1,2,-529.01904,-8.265923,0.1445
REF-103,results_reference,results_reference/103,,68,2,1,-569.38042,-8.373241,-0.0305
REF-99,results_reference,results_reference/99,,68,2,1,-563.09465,-8.280804,-0.0131
REF-82,results_reference,results_reference/82,,104,1,4,-858.02091,-8.250201,0.0196
REF-124,results_reference,results_reference/124,,68,2,1,-567.47089,-8.34516,0.0021
REF-38,results_reference,results_reference/38,,64,1,2,-529.99608,-8.281189,0.1382
REF-46,results_reference,results_reference/46,,64,1,2,-530.69482,-8.292107,0.8668
REF-62,results_reference,results_reference/62,,84,1,3,-694.52696,-8.268178,0.1418
REF-69,results_reference,results_reference/69,,84,1,3,-699.21424,-8.323979,0.1278
REF-226,results_reference,results_reference/226,,168,2,6,-1373.1038,-8.173237,0.354
REF-5,results_reference,results_reference/5,,44,1,1,-365.29953,-8.302262,0.2167
REF-242,results_reference,results_reference/242,,168,2,6,-1388.4511,-8.26459,0.0397
REF-33,results_reference,results_reference/33,,64,1,2,-530.72809,-8.292626,-0.0174
REF-163,results_reference,results_reference/163,,128,2,4,-1056.6392,-8.254994,0.5178
REF-128,results_reference,results_reference/128,,88,2,2,-727.72664,-8.269621,0.0945
REF-15,results_reference,results_reference/15,,44,1,1,-362.82063,-8.245923,-0.0409
REF-66,results_reference,results_reference/66,,84,1,3,-695.04051,-8.274292,0.0386
REF-115,results_reference,results_reference/115,,68,2,1,-564.72851,-8.304831,0.3071
REF-165,results_reference,results_reference/165,,128,2,4,-1055.6931,-8.247602,0.0036
REF-169,results_reference,results_reference/169,,128,2,4,-1056.6156,-8.254809,0.0066
REF-139,results_reference,results_reference/139,,88,2,2,-722.45428,-8.209708,0.0344
REF-221,results_reference,results_reference/221,,168,2,6,-1388.1127,-8.262576,0.0618
REF-54,results_reference,results_reference/54,,84,1,3,-698.97286,-8.321105,0.4377
REF-194,results_reference,results_reference/194,,128,2,4,-1051.1808,-8.21235,0.0082
REF-83,results_reference,results_reference/83,,104,1,4,-852.47075,-8.196834,0.0012
REF-244,results_reference,results_reference/244,,168,2,6,-1388.1004,-8.262502,0.0232
REF-208,results_reference,results_reference/208,,148,2,5,-1212.0811,-8.189737,0.0071
REF-277,results_reference,results_reference/277,,208,2,8,-1715.5443,-8.247809,0.0023
REF-55,results_reference,results_reference/55,,84,1,3,-699.25221,-8.324431,0.0038
REF-191,results_reference,results_reference/191,,128,2,4,-1054.1645,-8.23566,0.0009
REF-39,results_reference,results_reference/39,,64,1,2,-533.39374,-8.334277,0.0941
REF-193,results_reference,results_reference/193,,128,2,4,-1057.1218,-8.258764,0.0443
REF-112,results_reference,results_reference/112,,68,2,1,-564.16817,-8.296591,0.5198
REF-166,results_reference,results_reference/166,,128,2,4,-1055.9674,-8.249745,0.0007
REF-64,results_reference,results_reference/64,,84,1,3,-697.18875,-8.299866,0.1934
REF-111,results_reference,results_reference/111,,68,2,1,-566.52313,-8.331223,0.0415
REF-220,results_reference,results_reference/220,,168,2,6,-1396.1177,-8.310224,0.0525
REF-7,results_reference,results_reference/7,,44,1,1,-365.52142,-8.307305,0.1699
REF-68,results_reference,results_reference/68,,84,1,3,-694.16729,-8.263896,0.0342
REF-125,results_reference,results_reference/125,,68,2,1,-565.68056,-8.318832,0.0511
REF-17,results_reference,results_reference/17,,44,1,1,-365.53612,-8.307639,0.0199
REF-152,results_reference,results_reference/152,,108,2,3,-894.55917,-8.282955,0.487
REF-118,results_reference,results_reference/118,,68,2,1,-565.20535,-8.311843,0.2417
REF-252,results_reference,results_reference/252,,188,2,7,-1566.95,-8.33484,0.0438
REF-29,results_reference,results_reference/29,,64,1,2,-529.96352,-8.28068,0.5749
REF-223,results_reference,results_reference/223,,168,2,6,-1401.503,-8.34228,0.0292
REF-52,results_reference,results_reference/52,,84,1,3,-692.0253,-8.238396,0.0132
REF-131,results_reference,results_reference/131,,88,2,2,-723.92935,-8.22647,0.261
REF-119,results_reference,results_reference/119,,68,2,1,-561.26764,-8.253936,0.0838
REF-94,results_reference,results_reference/94,,104,1,4,-856.11895,-8.231913,0.0158
REF-105,results_reference,results_reference/105,,68,2,1,-563.93805,-8.293207,0.0858
REF-151,results_reference,results_reference/151,,108,2,3,-885.81606,-8.202001,0.1161
REF-35,results_reference,results_reference/35,,64,1,2,-528.36971,-8.255777,0.0176
REF-100,results_reference,results_reference/100,,68,2,1,-556.82779,-8.188644,-0.0217
REF-272,results_reference,results_reference/272,,188,2,7,-1548.2342,-8.235288,0.0289
REF-278,results_reference,results_reference/278,,208,2,8,-1718.1389,-8.260283,0.0109
REF-212,results_reference,results_reference/212,,168,2,6,-1395.3648,-8.305743,0.0831
REF-271,results_reference,results_reference/271,,188,2,7,-1558.5662,-8.290246,0.0094
REF-130,results_reference,results_reference/130,,88,2,2,-726.66494,-8.257556,0.179
REF-50,results_reference,results_reference/50,,84,1,3,-692.99337,-8.249921,0.1238
REF-157,results_reference,results_reference/157,,108,2,3,-887.47705,-8.21738,-0.0107
REF-85,results_reference,results_reference/85,,104,1,4,-855.25188,-8.223576,0.4599
REF-273,results_reference,results_reference/273,,188,2,7,-1570.751,-8.355059,0.0823
REF-210,results_reference,results_reference/210,,148,2,5,-1211.7927,-8.187789,0.0049
REF-25,results_reference,results_reference/25,,64,1,2,-534.59602,-8.353063,0.1356
REF-4,results_reference,results_reference/4,,44,1,1,-361.67979,-8.219995,0.2207
R1S-44_011,results_RUN1_small,results_RUN1_small/44/011,3_POSCAR_Spg13_C24(1)C20(1),44,1,1,-358.68778,-8.151995,0.4134
R1S-44_004,results_RUN1_small,results_RUN1_small/44/004,1_POSCAR_Spg14_C24(1)C20(1),44,1,1,-361.3195,-8.211807,0.5648
R1S-44_005,results_RUN1_small,results_RUN1_small/44/005,2_POSCAR_Spg10_C24(1)C20(1),44,1,1,-359.82605,-8.177865,0.7506
R1S-44_019,results_RUN1_small,results_RUN1_small/44/019,5_POSCAR_Spg13_C24(1)C20(1),44,1,1,-359.84636,-8.178326,0.4341
R1S-44_013,results_RUN1_small,results_RUN1_small/44/013,4_POSCAR_Spg10_C24(1)C20(1),44,1,1,-364.58325,-8.285983,1.171
R1S-44_012,results_RUN1_small,results_RUN1_small/44/012,3_POSCAR_Spg14_C24(1)C20(1),44,1,1,-362.47563,-8.238083,0.3015
R1S-44_015,results_RUN1_small,results_RUN1_small/44/015,4_POSCAR_Spg13_C24(1)C20(1),44,1,1,-362.39686,-8.236292,0.4319
R1S-44_002,results_RUN1_small,results_RUN1_small/44/002,1_POSCAR_Spg11_C24(1)C20(1),44,1,1,-366.19212,-8.322548,0.015
R1S-44_009,results_RUN1_small,results_RUN1_small/44/009,3_POSCAR_Spg10_C24(1)C20(1),44,1,1,-361.05577,-8.205813,0.1033
R1S-44_001,results_RUN1_small,results_RUN1_small/44/001,1_POSCAR_Spg10_C24(1)C20(1),44,1,1,-357.84164,-8.132765,0.2847
R1S-44_010,results_RUN1_small,results_RUN1_small/44/010,3_POSCAR_Spg11_C24(1)C20(1),44,1,1,-362.50116,-8.238663,0.566
R1S-44_007,results_RUN1_small,results_RUN1_small/44/007,2_POSCAR_Spg13_C24(1)C20(1),44,1,1,-364.20438,-8.277372,0.3625
R1S-44_003,results_RUN1_small,results_RUN1_small/44/003,1_POSCAR_Spg13_C24(1)C20(1),44,1,1,-360.63788,-8.196315,0.3325
R1S-44_014,results_RUN1_small,results_RUN1_small/44/014,4_POSCAR_Spg11_C24(1)C20(1),44,1,1,-360.95023,-8.203414,0.0346
R1S-44_016,results_RUN1_small,results_RUN1_small/44/016,4_POSCAR_Spg14_C24(1)C20(1),44,1,1,-362.9141,-8.248048,0.3497
R1S-64_011,results_RUN1_small,results_RUN1_small/64/011,2_POSCAR_Spg14_C24(1)C20(2),64,1,2,-527.9461,-8.249158,0.0883
R1S-64_030,results_RUN1_small,results_RUN1_small/64/030,5_POSCAR_Spg11_C24(1)C20(2),64,1,2,-530.36106,-8.286892,0.624
R1S-64_004,results_RUN1_small,results_RUN1_small/64/004,1_POSCAR_Spg14_C24(1)C20(2),64,1,2,-527.78104,-8.246579,-0.11
R1S-64_017,results_RUN1_small,results_RUN1_small/64/017,3_POSCAR_Spg13_C24(1)C20(2),64,1,2,-525.08896,-8.204515,-0.0453
R1S-64_024,results_RUN1_small,results_RUN1_small/64/024,4_POSCAR_Spg13_C24(1)C20(2),64,1,2,-533.22643,-8.331663,0.2152
R1S-64_005,results_RUN1_small,results_RUN1_small/64/005,1_POSCAR_Spg15_C24(1)C20(2),64,1,2,-521.59653,-8.149946,0.1603
R1S-64_029,results_RUN1_small,results_RUN1_small/64/029,5_POSCAR_Spg10_C24(1)C20(2),64,1,2,-527.68666,-8.245104,0.3285
R1S-64_013,results_RUN1_small,results_RUN1_small/64/013,2_POSCAR_Spg16_C24(1)C20(2),64,1,2,-526.19609,-8.221814,0.5173
R1S-64_034,results_RUN1_small,results_RUN1_small/64/034,5_POSCAR_Spg16_C24(1)C20(2),64,1,2,-530.14776,-8.283559,0.6625
R1S-64_028,results_RUN1_small,results_RUN1_small/64/028,4_POSCAR_Spg17_C24(1)C20(2),64,1,2,-522.84931,-8.16952,0.2894
R1S-64_025,results_RUN1_small,results_RUN1_small/64/025,4_POSCAR_Spg14_C24(1)C20(2),64,1,2,-534.15201,-8.346125,0.0576
R1S-64_012,results_RUN1_small,results_RUN1_small/64/012,2_POSCAR_Spg15_C24(1)C20(2),64,1,2,-529.32746,-8.270742,0.1206
R1S-64_008,results_RUN1_small,results_RUN1_small/64/008,2_POSCAR_Spg10_C24(1)C20(2),64,1,2,-525.21251,-8.206445,0.1976
R1S-64_015,results_RUN1_small,results_RUN1_small/64/015,3_POSCAR_Spg10_C24(1)C20(2),64,1,2,-525.69108,-8.213923,0.8271
R1S-64_002,results_RUN1_small,results_RUN1_small/64/002,1_POSCAR_Spg11_C24(1)C20(2),64,1,2,-528.36259,-8.255665,0.7264
R1S-64_026,results_RUN1_small,results_RUN1_small/64/026,4_POSCAR_Spg15_C24(1)C20(2),64,1,2,-532.38072,-8.318449,0.0014
R1S-64_018,results_RUN1_small,results_RUN1_small/64/018,3_POSCAR_Spg14_C24(1)C20(2),64,1,2,-525.63881,-8.213106,0.0755
R1S-64_009,results_RUN1_small,results_RUN1_small/64/009,2_POSCAR_Spg11_C24(1)C20(2),64,1,2,-530.65334,-8.291458,0.6532
R1S-64_001,results_RUN1_small,results_RUN1_small/64/001,1_POSCAR_Spg10_C24(1)C20(2),64,1,2,-522.53212,-8.164564,0.0204
R1S-64_010,results_RUN1_small,results_RUN1_small/64/010,2_POSCAR_Spg13_C24(1)C20(2),64,1,2,-527.79748,-8.246836,0.2186
R1S-64_003,results_RUN1_small,results_RUN1_small/64/003,1_POSCAR_Spg13_C24(1)C20(2),64,1,2,-525.89526,-8.217113,0.795
R1S-64_014,results_RUN1_small,results_RUN1_small/64/014,2_POSCAR_Spg17_C24(1)C20(2),64,1,2,-528.66017,-8.260315,0.1006
R1S-64_020,results_RUN1_small,results_RUN1_small/64/020,3_POSCAR_Spg16_C24(1)C20(2),64,1,2,-524.04914,-8.188268,-0.1058
R1S-64_027,results_RUN1_small,results_RUN1_small/64/027,4_POSCAR_Spg16_C24(1)C20(2),64,1,2,-524.58613,-8.196658,0.2498
R1S-64_016,results_RUN1_small,results_RUN1_small/64/016,3_POSCAR_Spg11_C24(1)C20(2),64,1,2,-524.92704,-8.201985,0.1738
R1S-64_021,results_RUN1_small,results_RUN1_small/64/021,3_POSCAR_Spg17_C24(1)C20(2),64,1,2,-530.1319,-8.283311,0.0639
R1S-64_032,results_RUN1_small,results_RUN1_small/64/032,5_POSCAR_Spg14_C24(1)C20(2),64,1,2,-526.91535,-8.233052,0.0392
R1S-64_022,results_RUN1_small,results_RUN1_small/64/022,4_POSCAR_Spg10_C24(1)C20(2),64,1,2,-529.80356,-8.278181,0.2942
R1S-64_006,results_RUN1_small,results_RUN1_small/64/006,1_POSCAR_Spg16_C24(1)C20(2),64,1,2,-522.13785,-8.158404,0.0207
R1S-68_011,results_RUN1_small,results_RUN1_small/68/011,2_POSCAR_Spg14_C24(2)C20(1),68,2,1,-561.84199,-8.262382,0.0681
R1S-68_030,results_RUN1_small,results_RUN1_small/68/030,5_POSCAR_Spg11_C24(2)C20(1),68,2,1,-564.65249,-8.303713,0.144
R1S-68_004,results_RUN1_small,results_RUN1_small/68/004,1_POSCAR_Spg14_C24(2)C20(1),68,2,1,-560.47369,-8.24226,0.4658
R1S-68_017,results_RUN1_small,results_RUN1_small/68/017,3_POSCAR_Spg13_C24(2)C20(1),68,2,1,-560.38967,-8.241025,0.0662
R1S-68_024,results_RUN1_small,results_RUN1_small/68/024,4_POSCAR_Spg13_C24(2)C20(1),68,2,1,-562.24017,-8.268238,1.4434
R1S-68_005,results_RUN1_small,results_RUN1_small/68/005,1_POSCAR_Spg15_C24(2)C20(1),68,2,1,-560.40506,-8.241251,0.3662
R1S-68_029,results_RUN1_small,results_RUN1_small/68/029,5_POSCAR_Spg10_C24(2)C20(1),68,2,1,-564.09741,-8.29555,0.2579
R1S-68_023,results_RUN1_small,results_RUN1_small/68/023,4_POSCAR_Spg11_C24(2)C20(1),68,2,1,-564.69616,-8.304355,0.4366
R1S-68_013,results_RUN1_small,results_RUN1_small/68/013,2_POSCAR_Spg16_C24(2)C20(1),68,2,1,-565.32282,-8.313571,0.64
R1S-68_012,results_RUN1_small,results_RUN1_small/68/012,2_POSCAR_Spg15_C24(2)C20(1),68,2,1,-566.72016,-8.33412,0.0537
R1S-68_008,results_RUN1_small,results_RUN1_small/68/008,2_POSCAR_Spg10_C24(2)C20(1),68,2,1,-559.91081,-8.233982,0.0583
R1S-68_015,results_RUN1_small,results_RUN1_small/68/015,3_POSCAR_Spg10_C24(2)C20(1),68,2,1,-565.20039,-8.31177,0.1715
R1S-68_002,results_RUN1_small,results_RUN1_small/68/002,1_POSCAR_Spg11_C24(2)C20(1),68,2,1,-561.81494,-8.261984,0.794
R1S-68_026,results_RUN1_small,results_RUN1_small/68/026,4_POSCAR_Spg15_C24(2)C20(1),68,2,1,-560.32288,-8.240042,-0.0366
R1S-68_018,results_RUN1_small,results_RUN1_small/68/018,3_POSCAR_Spg14_C24(2)C20(1),68,2,1,-563.1517,-8.281643,0.0355
R1S-68_009,results_RUN1_small,results_RUN1_small/68/009,2_POSCAR_Spg11_C24(2)C20(1),68,2,1,-555.23783,-8.165262,0.3751
R1S-68_001,results_RUN1_small,results_RUN1_small/68/001,1_POSCAR_Spg10_C24(2)C20(1),68,2,1,-567.10252,-8.339743,0.024
R1S-68_010,results_RUN1_small,results_RUN1_small/68/010,2_POSCAR_Spg13_C24(2)C20(1),68,2,1,-564.10482,-8.295659,0.6761
R1S-68_007,results_RUN1_small,results_RUN1_small/68/007,1_POSCAR_Spg17_C24(2)C20(1),68,2,1,-563.78327,-8.29093,0.2763
R1S-68_003,results_RUN1_small,results_RUN1_small/68/003,1_POSCAR_Spg13_C24(2)C20(1),68,2,1,-559.94212,-8.234443,0.5944
R1S-68_014,results_RUN1_small,results_RUN1_small/68/014,2_POSCAR_Spg17_C24(2)C20(1),68,2,1,-564.53911,-8.302046,0.0159
R1S-68_020,results_RUN1_small,results_RUN1_small/68/020,3_POSCAR_Spg16_C24(2)C20(1),68,2,1,-570.1948,-8.385218,0.0392
R1S-68_016,results_RUN1_small,results_RUN1_small/68/016,3_POSCAR_Spg11_C24(2)C20(1),68,2,1,-557.82253,-8.203273,0.6749
R1S-68_021,results_RUN1_small,results_RUN1_small/68/021,3_POSCAR_Spg17_C24(2)C20(1),68,2,1,-562.70893,-8.275131,0.3898
R1S-68_032,results_RUN1_small,results_RUN1_small/68/032,5_POSCAR_Spg14_C24(2)C20(1),68,2,1,-570.4988,-8.389688,0.277
R1S-68_022,results_RUN1_small,results_RUN1_small/68/022,4_POSCAR_Spg10_C24(2)C20(1),68,2,1,-560.2358,-8.238762,0.4333
R1S-68_035,results_RUN1_small,results_RUN1_small/68/035,5_POSCAR_Spg17_C24(2)C20(1),68,2,1,-558.49657,-8.213185,0.2735
R1S-68_006,results_RUN1_small,results_RUN1_small/68/006,1_POSCAR_Spg16_C24(2)C20(1),68,2,1,-565.52682,-8.316571,0.0929
R1B-84_031,results_RUN1_big,results_RUN1_big/84/031,5_POSCAR_Spg13_C24(1)C20(3),84,1,3,-692.76472,-8.247199,0.0321
R1B-84_011,results_RUN1_big,results_RUN1_big/84/011,2_POSCAR_Spg14_C24(1)C20(3),84,1,3,-698.82435,-8.319337,0.0002
R1B-84_033,results_RUN1_big,results_RUN1_big/84/033,5_POSCAR_Spg15_C24(1)C20(3),84,1,3,-700.59336,-8.340397,0.1361
R1B-84_030,results_RUN1_big,results_RUN1_big/84/030,5_POSCAR_Spg11_C24(1)C20(3),84,1,3,-690.52866,-8.220579,-0.0258
R1B-84_004,results_RUN1_big,results_RUN1_big/84/004,1_POSCAR_Spg14_C24(1)C20(3),84,1,3,-696.62372,-8.29314,0.383
R1B-84_017,results_RUN1_big,results_RUN1_big/84/017,3_POSCAR_Spg13_C24(1)C20(3),84,1,3,-691.59073,-8.233223,0.1432
R1B-84_024,results_RUN1_big,results_RUN1_big/84/024,4_POSCAR_Spg13_C24(1)C20(3),84,1,3,-693.93238,-8.2611,0.3501
R1B-84_005,results_RUN1_big,results_RUN1_big/84/005,1_POSCAR_Spg15_C24(1)C20(3),84,1,3,-699.34313,-8.325513,0.0911
R1B-84_029,results_RUN1_big,results_RUN1_big/84/029,5_POSCAR_Spg10_C24(1)C20(3),84,1,3,-688.52224,-8.196693,0.245
R1B-84_023,results_RUN1_big,results_RUN1_big/84/023,4_POSCAR_Spg11_C24(1)C20(3),84,1,3,-694.07309,-8.262775,0.0223
R1B-84_019,results_RUN1_big,results_RUN1_big/84/019,3_POSCAR_Spg15_C24(1)C20(3),84,1,3,-698.61033,-8.31679,0.1544
R1B-84_013,results_RUN1_big,results_RUN1_big/84/013,2_POSCAR_Spg16_C24(1)C20(3),84,1,3,-694.30109,-8.265489,0.0493
R1B-84_028,results_RUN1_big,results_RUN1_big/84/028,4_POSCAR_Spg17_C24(1)C20(3),84,1,3,-683.81121,-8.14061,0.272
R1B-84_025,results_RUN1_big,results_RUN1_big/84/025,4_POSCAR_Spg14_C24(1)C20(3),84,1,3,-698.61426,-8.316836,0.0639
R1B-84_008,results_RUN1_big,results_RUN1_big/84/008,2_POSCAR_Spg10_C24(1)C20(3),84,1,3,-689.449,-8.207726,0.1195
R1B-84_015,results_RUN1_big,results_RUN1_big/84/015,3_POSCAR_Spg10_C24(1)C20(3),84,1,3,-689.99064,-8.214174,0.3557
R1B-84_002,results_RUN1_big,results_RUN1_big/84/002,1_POSCAR_Spg11_C24(1)C20(3),84,1,3,-691.38577,-8.230783,0.1292
R1B-84_026,results_RUN1_big,results_RUN1_big/84/026,4_POSCAR_Spg15_C24(1)C20(3),84,1,3,-695.92654,-8.28484,0.003
R1B-84_018,results_RUN1_big,results_RUN1_big/84/018,3_POSCAR_Spg14_C24(1)C20(3),84,1,3,-692.96602,-8.249595,0.0605
R1B-84_009,results_RUN1_big,results_RUN1_big/84/009,2_POSCAR_Spg11_C24(1)C20(3),84,1,3,-694.17143,-8.263946,0.2878
R1B-84_001,results_RUN1_big,results_RUN1_big/84/001,1_POSCAR_Spg10_C24(1)C20(3),84,1,3,-697.96633,-8.309123,-0.0071
R1B-84_010,results_RUN1_big,results_RUN1_big/84/010,2_POSCAR_Spg13_C24(1)C20(3),84,1,3,-690.21856,-8.216888,0.2906
R1B-84_007,results_RUN1_big,results_RUN1_big/84/007,1_POSCAR_Spg17_C24(1)C20(3),84,1,3,-687.54062,-8.185007,0.4265
R1B-84_003,results_RUN1_big,results_RUN1_big/84/003,1_POSCAR_Spg13_C24(1)C20(3),84,1,3,-685.51477,-8.16089,0.0151
R1B-84_020,results_RUN1_big,results_RUN1_big/84/020,3_POSCAR_Spg16_C24(1)C20(3),84,1,3,-696.22548,-8.288399,0.534
R1B-84_027,results_RUN1_big,results_RUN1_big/84/027,4_POSCAR_Spg16_C24(1)C20(3),84,1,3,-691.3772,-8.230681,0.0605
R1B-84_016,results_RUN1_big,results_RUN1_big/84/016,3_POSCAR_Spg11_C24(1)C20(3),84,1,3,-692.72959,-8.246781,0.0182
R1B-84_021,results_RUN1_big,results_RUN1_big/84/021,3_POSCAR_Spg17_C24(1)C20(3),84,1,3,-692.47968,-8.243806,0.2383
R1B-84_032,results_RUN1_big,results_RUN1_big/84/032,5_POSCAR_Spg14_C24(1)C20(3),84,1,3,-692.50059,-8.244055,0.0467
R1B-84_022,results_RUN1_big,results_RUN1_big/84/022,4_POSCAR_Spg10_C24(1)C20(3),84,1,3,-694.00207,-8.261929,0.0882
R1B-84_035,results_RUN1_big,results_RUN1_big/84/035,5_POSCAR_Spg17_C24(1)C20(3),84,1,3,-696.67903,-8.293798,0.7015
R1B-84_006,results_RUN1_big,results_RUN1_big/84/006,1_POSCAR_Spg16_C24(1)C20(3),84,1,3,-698.8889,-8.320106,-0.0067
R1B-108_011,results_RUN1_big,results_RUN1_big/108/011,3_POSCAR_Spg13_C24(2)C20(3),108,2,3,-884.69095,-8.191583,0.1086
R1B-108_004,results_RUN1_big,results_RUN1_big/108/004,1_POSCAR_Spg16_C24(2)C20(3),108,2,3,-884.57584,-8.190517,0.0466
R1B-108_017,results_RUN1_big,results_RUN1_big/108/017,4_POSCAR_Spg14_C24(2)C20(3),108,2,3,-887.04756,-8.213403,0.0242
R1B-108_024,results_RUN1_big,results_RUN1_big/108/024,5_POSCAR_Spg16_C24(2)C20(3),108,2,3,-885.81697,-8.202009,-0.002
R1B-108_005,results_RUN1_big,results_RUN1_big/108/005,1_POSCAR_Spg17_C24(2)C20(3),108,2,3,-886.92343,-8.212254,0.3583
R1B-108_023,results_RUN1_big,results_RUN1_big/108/023,5_POSCAR_Spg15_C24(2)C20(3),108,2,3,-887.37065,-8.216395,0.0577
R1B-108_019,results_RUN1_big,results_RUN1_big/108/019,4_POSCAR_Spg16_C24(2)C20(3),108,2,3,-893.66083,-8.274637,0.0145
R1B-108_013,results_RUN1_big,results_RUN1_big/108/013,3_POSCAR_Spg15_C24(2)C20(3),108,2,3,-880.35217,-8.151409,0.0213
R1B-108_025,results_RUN1_big,results_RUN1_big/108/025,5_POSCAR_Spg17_C24(2)C20(3),108,2,3,-894.42588,-8.281721,0.6226
R1B-108_012,results_RUN1_big,results_RUN1_big/108/012,3_POSCAR_Spg14_C24(2)C20(3),108,2,3,-885.60517,-8.200048,0.046
R1B-108_008,results_RUN1_big,results_RUN1_big/108/008,2_POSCAR_Spg15_C24(2)C20(3),108,2,3,-884.81004,-8.192686,0.5928
R1B-108_015,results_RUN1_big,results_RUN1_big/108/015,3_POSCAR_Spg17_C24(2)C20(3),108,2,3,-889.81577,-8.239035,0.0063
R1B-108_002,results_RUN1_big,results_RUN1_big/108/002,1_POSCAR_Spg14_C24(2)C20(3),108,2,3,-889.18251,-8.233171,0.0047
R1B-108_018,results_RUN1_big,results_RUN1_big/108/018,4_POSCAR_Spg15_C24(2)C20(3),108,2,3,-889.36127,-8.234827,0.1264
R1B-108_001,results_RUN1_big,results_RUN1_big/108/001,1_POSCAR_Spg13_C24(2)C20(3),108,2,3,-884.53647,-8.190152,-0.007
R1B-108_010,results_RUN1_big,results_RUN1_big/108/010,2_POSCAR_Spg17_C24(2)C20(3),108,2,3,-897.36974,-8.308979,0.592
R1B-108_007,results_RUN1_big,results_RUN1_big/108/007,2_POSCAR_Spg14_C24(2)C20(3),108,2,3,-884.95853,-8.19406,0.0225
R1B-108_003,results_RUN1_big,results_RUN1_big/108/003,1_POSCAR_Spg15_C24(2)C20(3),108,2,3,-893.2061,-8.270427,0.2391
R1B-108_014,results_RUN1_big,results_RUN1_big/108/014,3_POSCAR_Spg16_C24(2)C20(3),108,2,3,-886.08776,-8.204516,0.0195
R1B-108_020,results_RUN1_big,results_RUN1_big/108/020,4_POSCAR_Spg17_C24(2)C20(3),108,2,3,-892.63927,-8.265178,0.2244
R1B-108_016,results_RUN1_big,results_RUN1_big/108/016,4_POSCAR_Spg13_C24(2)C20(3),108,2,3,-887.23577,-8.215146,0.0301
R1B-108_021,results_RUN1_big,results_RUN1_big/108/021,5_POSCAR_Spg13_C24(2)C20(3),108,2,3,-891.81595,-8.257555,0.4035
R1B-108_022,results_RUN1_big,results_RUN1_big/108/022,5_POSCAR_Spg14_C24(2)C20(3),108,2,3,-886.49982,-8.208332,0.0256
R1B-108_006,results_RUN1_big,results_RUN1_big/108/006,2_POSCAR_Spg13_C24(2)C20(3),108,2,3,-884.40275,-8.188914,0.3159
R1B-104_011,results_RUN1_big,results_RUN1_big/104/011,3_POSCAR_Spg13_C24(1)C20(4),104,1,4,-852.51261,-8.197237,0.1049
R1B-104_004,results_RUN1_big,results_RUN1_big/104/004,1_POSCAR_Spg14_C24(1)C20(4),104,1,4,-856.48374,-8.235421,0.0178
R1B-104_017,results_RUN1_big,results_RUN1_big/104/017,5_POSCAR_Spg10_C24(1)C20(4),104,1,4,-858.08775,-8.250844,0.0909
R1B-104_005,results_RUN1_big,results_RUN1_big/104/005,2_POSCAR_Spg10_C24(1)C20(4),104,1,4,-852.26447,-8.194851,0.0232
R1B-104_019,results_RUN1_big,results_RUN1_big/104/019,5_POSCAR_Spg13_C24(1)C20(4),104,1,4,-855.12115,-8.222319,0.0325
R1B-104_013,results_RUN1_big,results_RUN1_big/104/013,4_POSCAR_Spg10_C24(1)C20(4),104,1,4,-859.93682,-8.268623,0.0411
R1B-104_012,results_RUN1_big,results_RUN1_big/104/012,3_POSCAR_Spg14_C24(1)C20(4),104,1,4,-846.95654,-8.143813,0.9708
R1B-104_008,results_RUN1_big,results_RUN1_big/104/008,2_POSCAR_Spg14_C24(1)C20(4),104,1,4,-849.62905,-8.16951,0.0018
R1B-104_015,results_RUN1_big,results_RUN1_big/104/015,4_POSCAR_Spg13_C24(1)C20(4),104,1,4,-857.74797,-8.247577,0.117
R1B-104_002,results_RUN1_big,results_RUN1_big/104/002,1_POSCAR_Spg11_C24(1)C20(4),104,1,4,-855.8101,-8.228943,0.022
R1B-104_018,results_RUN1_big,results_RUN1_big/104/018,5_POSCAR_Spg11_C24(1)C20(4),104,1,4,-852.81011,-8.200097,0.4955
R1B-104_009,results_RUN1_big,results_RUN1_big/104/009,3_POSCAR_Spg10_C24(1)C20(4),104,1,4,-846.95636,-8.143811,0.0105
R1B-104_001,results_RUN1_big,results_RUN1_big/104/001,1_POSCAR_Spg10_C24(1)C20(4),104,1,4,-853.51542,-8.206879,0.2792
R1B-104_010,results_RUN1_big,results_RUN1_big/104/010,3_POSCAR_Spg11_C24(1)C20(4),104,1,4,-846.20132,-8.136551,0.2235
R1B-104_007,results_RUN1_big,results_RUN1_big/104/007,2_POSCAR_Spg13_C24(1)C20(4),104,1,4,-854.03163,-8.211843,0.0423
R1B-104_003,results_RUN1_big,results_RUN1_big/104/003,1_POSCAR_Spg13_C24(1)C20(4),104,1,4,-853.84752,-8.210072,0.0293
R1B-104_014,results_RUN1_big,results_RUN1_big/104/014,4_POSCAR_Spg11_C24(1)C20(4),104,1,4,-852.57843,-8.19787,0.0347
R1B-104_020,results_RUN1_big,results_RUN1_big/104/020,5_POSCAR_Spg14_C24(1)C20(4),104,1,4,-850.38657,-8.176794,0.016
R1B-104_016,results_RUN1_big,results_RUN1_big/104/016,4_POSCAR_Spg14_C24(1)C20(4),104,1,4,-857.70407,-8.247155,0.0246
R1B-104_006,results_RUN1_big,results_RUN1_big/104/006,2_POSCAR_Spg11_C24(1)C20(4),104,1,4,-850.87103,-8.181452,0.0994
R1B-88_011,results_RUN1_big,results_RUN1_big/88/011,4_POSCAR_Spg11_C24(2)C20(2),88,2,2,-734.30945,-8.344426,0.0686
R1B-88_004,results_RUN1_big,results_RUN1_big/88/004,2_POSCAR_Spg10_C24(2)C20(2),88,2,2,-724.21601,-8.229727,0.1929
R1B-88_005,results_RUN1_big,results_RUN1_big/88/005,2_POSCAR_Spg11_C24(2)C20(2),88,2,2,-735.30848,-8.355778,0.0439
R1B-88_013,results_RUN1_big,results_RUN1_big/88/013,5_POSCAR_Spg10_C24(2)C20(2),88,2,2,-723.13929,-8.217492,0.3115
R1B-88_012,results_RUN1_big,results_RUN1_big/88/012,4_POSCAR_Spg12_C24(2)C20(2),88,2,2,-725.55852,-8.244983,0.325
R1B-88_008,results_RUN1_big,results_RUN1_big/88/008,3_POSCAR_Spg11_C24(2)C20(2),88,2,2,-730.74622,-8.303934,0.0009
R1B-88_015,results_RUN1_big,results_RUN1_big/88/015,5_POSCAR_Spg12_C24(2)C20(2),88,2,2,-726.10474,-8.25119,0.4182
R1B-88_002,results_RUN1_big,results_RUN1_big/88/002,1_POSCAR_Spg11_C24(2)C20(2),88,2,2,-728.36981,-8.27693,0.12
R1B-88_009,results_RUN1_big,results_RUN1_big/88/009,3_POSCAR_Spg12_C24(2)C20(2),88,2,2,-730.35905,-8.299535,0.0354
R1B-88_001,results_RUN1_big,results_RUN1_big/88/001,1_POSCAR_Spg10_C24(2)C20(2),88,2,2,-725.17171,-8.240588,0.5825
R1B-88_010,results_RUN1_big,results_RUN1_big/88/010,4_POSCAR_Spg10_C24(2)C20(2),88,2,2,-727.13357,-8.262881,0.0883
R1B-88_007,results_RUN1_big,results_RUN1_big/88/007,3_POSCAR_Spg10_C24(2)C20(2),88,2,2,-718.11184,-8.160362,0.0299
R1B-88_003,results_RUN1_big,results_RUN1_big/88/003,1_POSCAR_Spg12_C24(2)C20(2),88,2,2,-726.14669,-8.251667,0.0475
R1B-88_014,results_RUN1_big,results_RUN1_big/88/014,5_POSCAR_Spg11_C24(2)C20(2),88,2,2,-724.75348,-8.235835,-0.0253
R1B-88_006,results_RUN1_big,results_RUN1_big/88/006,2_POSCAR_Spg12_C24(2)C20(2),88,2,2,-725.12048,-8.240005,0.0508
R1B-148_031,results_RUN1_big,results_RUN1_big/148/031,,128,2,4,-1057.4297,-8.26117,0.1584
R1B-148_011,results_RUN1_big,results_RUN1_big/148/011,,128,2,4,-1060.7346,-8.286989,0.0262
R1B-148_033,results_RUN1_big,results_RUN1_big/148/033,,128,2,4,-1049.0136,-8.195419,0.0001
R1B-148_030,results_RUN1_big,results_RUN1_big/148/030,,128,2,4,-1056.8159,-8.256374,0.2408
R1B-148_004,results_RUN1_big,results_RUN1_big/148/004,,128,2,4,-1048.1263,-8.188487,0.0536
R1B-148_037,results_RUN1_big,results_RUN1_big/148/037,,128,2,4,-1063.3507,-8.307427,0.5882
R1B-148_017,results_RUN1_big,results_RUN1_big/148/017,,128,2,4,-1051.5305,-8.215082,0.1218
R1B-148_024,results_RUN1_big,results_RUN1_big/148/024,,128,2,4,-1053.7048,-8.232069,-0.0281
R1B-148_005,results_RUN1_big,results_RUN1_big/148/005,,128,2,4,-1054.1901,-8.23586,0.5347
R1B-148_029,results_RUN1_big,results_RUN1_big/148/029,,128,2,4,-1043.5851,-8.153009,0.0991
R1B-148_023,results_RUN1_big,results_RUN1_big/148/023,,128,2,4,-1051.8993,-8.217963,0.0282
R1B-148_019,results_RUN1_big,results_RUN1_big/148/019,,128,2,4,-1054.2747,-8.236521,0.1579
R1B-148_013,results_RUN1_big,results_RUN1_big/148/013,,128,2,4,-1062.7589,-8.302804,-0.0084
R1B-148_034,results_RUN1_big,results_RUN1_big/148/034,,128,2,4,-1060.1801,-8.282657,0.0079
R1B-148_028,results_RUN1_big,results_RUN1_big/148/028,,128,2,4,-1049.2217,-8.197045,-0.0024
R1B-148_036,results_RUN1_big,results_RUN1_big/148/036,,128,2,4,-1052.8616,-8.225481,0.1628
R1B-148_040,results_RUN1_big,results_RUN1_big/148/040,,128,2,4,-1054.3152,-8.236838,0.0022
R1B-148_025,results_RUN1_big,results_RUN1_big/148/025,,128,2,4,-1048.8311,-8.193993,0.0482
R1B-148_012,results_RUN1_big,results_RUN1_big/148/012,,128,2,4,-1056.1016,-8.250794,0.0722
R1B-148_008,results_RUN1_big,results_RUN1_big/148/008,,128,2,4,-1053.8672,-8.233337,0.041
R1B-148_015,results_RUN1_big,results_RUN1_big/148/015,,128,2,4,-1044.5647,-8.160662,0.1048
R1B-148_002,results_RUN1_big,results_RUN1_big/148/002,,128,2,4,-1052.6388,-8.223741,0.1562
R1B-148_026,results_RUN1_big,results_RUN1_big/148/026,,128,2,4,-1049.7443,-8.201127,0.0049
R1B-148_018,results_RUN1_big,results_RUN1_big/148/018,,128,2,4,-1057.133,-8.258852,-0.0013
R1B-148_009,results_RUN1_big,results_RUN1_big/148/009,,128,2,4,-1051.088,-8.211625,0.0219
R1B-148_001,results_RUN1_big,results_RUN1_big/148/001,,128,2,4,-1049.4344,-8.198706,0.0117
R1B-148_010,results_RUN1_big,results_RUN1_big/148/010,,128,2,4,-1056.6295,-8.254918,0.0767
R1B-148_007,results_RUN1_big,results_RUN1_big/148/007,,128,2,4,-1053.9835,-8.234246,0.0256
R1B-148_003,results_RUN1_big,results_RUN1_big/148/003,,128,2,4,-1059.9875,-8.281152,0.0671
R1B-148_014,results_RUN1_big,results_RUN1_big/148/014,,128,2,4,-1053.4264,-8.229894,0.0702
R1B-148_020,results_RUN1_big,results_RUN1_big/148/020,,128,2,4,-1058.734,-8.271359,0.0239
R1B-148_027,results_RUN1_big,results_RUN1_big/148/027,,128,2,4,-1055.1184,-8.243113,0.0271
R1B-148_016,results_RUN1_big,results_RUN1_big/148/016,,128,2,4,-1048.4104,-8.190706,0.0335
R1B-148_021,results_RUN1_big,results_RUN1_big/148/021,,128,2,4,-1057.815,-8.26418,0.0926
R1B-148_032,results_RUN1_big,results_RUN1_big/148/032,,128,2,4,-1057.2685,-8.25991,0.0344
R1B-148_038,results_RUN1_big,results_RUN1_big/148/038,,128,2,4,-1061.1397,-8.290154,0.0529
R1B-148_022,results_RUN1_big,results_RUN1_big/148/022,,128,2,4,-1052.2396,-8.220622,0.0714
R1B-148_035,results_RUN1_big,results_RUN1_big/148/035,,128,2,4,-1054.754,-8.240266,0.1737
R1B-148_006,results_RUN1_big,results_RUN1_big/148/006,,128,2,4,-1048.7333,-8.193229,0.0103
R2S-44_011,results_RUN2_small,results_RUN2_small/44/011,4_POSCAR_Spg3_C24(1)C20(1),44,1,1,-364.91132,-8.293439,-0.3932
R2S-44_004,results_RUN2_small,results_RUN2_small/44/004,2_POSCAR_Spg2_C24(1)C20(1),44,1,1,-363.50512,-8.26148,-0.2618
R2S-44_005,results_RUN2_small,results_RUN2_small/44/005,2_POSCAR_Spg3_C24(1)C20(1),44,1,1,-361.44307,-8.214615,0.6001
R2S-44_013,results_RUN2_small,results_RUN2_small/44/013,5_POSCAR_Spg2_C24(1)C20(1),44,1,1,-362.12909,-8.230207,0.2895
R2S-44_012,results_RUN2_small,results_RUN2_small/44/012,4_POSCAR_Spg6_C24(1)C20(1),44,1,1,-361.52613,-8.216503,-0.4673
R2S-44_008,results_RUN2_small,results_RUN2_small/44/008,3_POSCAR_Spg3_C24(1)C20(1),44,1,1,-359.05448,-8.160329,0.01
R2S-44_002,results_RUN2_small,results_RUN2_small/44/002,1_POSCAR_Spg3_C24(1)C20(1),44,1,1,-360.73831,-8.198598,0.45
R2S-44_001,results_RUN2_small,results_RUN2_small/44/001,1_POSCAR_Spg2_C24(1)C20(1),44,1,1,-361.9584,-8.226327,0.3968
R2S-44_003,results_RUN2_small,results_RUN2_small/44/003,1_POSCAR_Spg6_C24(1)C20(1),44,1,1,-360.15776,-8.185404,0.0838
R2S-64_011,results_RUN2_small,results_RUN2_small/64/011,4_POSCAR_Spg3_C24(1)C20(2),64,1,2,-525.52285,-8.211295,0.6177
R2S-64_004,results_RUN2_small,results_RUN2_small/64/004,2_POSCAR_Spg2_C24(1)C20(2),64,1,2,-525.81773,-8.215902,0.5211
R2S-64_005,results_RUN2_small,results_RUN2_small/64/005,2_POSCAR_Spg3_C24(1)C20(2),64,1,2,-528.15672,-8.252449,0.8257
R2S-64_013,results_RUN2_small,results_RUN2_small/64/013,5_POSCAR_Spg2_C24(1)C20(2),64,1,2,-527.43447,-8.241164,0.6321
R2S-64_012,results_RUN2_small,results_RUN2_small/64/012,4_POSCAR_Spg6_C24(1)C20(2),64,1,2,-527.60533,-8.243833,0.029
R2S-64_008,results_RUN2_small,results_RUN2_small/64/008,3_POSCAR_Spg3_C24(1)C20(2),64,1,2,-523.8539,-8.185217,0.1274
R2S-64_015,results_RUN2_small,results_RUN2_small/64/015,5_POSCAR_Spg6_C24(1)C20(2),64,1,2,-524.94899,-8.202328,0.345
R2S-64_002,results_RUN2_small,results_RUN2_small/64/002,1_POSCAR_Spg3_C24(1)C20(2),64,1,2,-522.20647,-8.159476,0.0509
R2S-64_009,results_RUN2_small,results_RUN2_small/64/009,3_POSCAR_Spg6_C24(1)C20(2),64,1,2,-523.98615,-8.187284,0.294
R2S-64_001,results_RUN2_small,results_RUN2_small/64/001,1_POSCAR_Spg2_C24(1)C20(2),64,1,2,-524.55906,-8.196235,-0.0512
R2S-64_010,results_RUN2_small,results_RUN2_small/64/010,4_POSCAR_Spg2_C24(1)C20(2),64,1,2,-527.74519,-8.246019,0.1732
R2S-64_007,results_RUN2_small,results_RUN2_small/64/007,3_POSCAR_Spg2_C24(1)C20(2),64,1,2,-527.80155,-8.246899,0.4619
R2S-64_003,results_RUN2_small,results_RUN2_small/64/003,1_POSCAR_Spg6_C24(1)C20(2),64,1,2,-522.13265,-8.158323,0.0309
R2S-64_014,results_RUN2_small,results_RUN2_small/64/014,5_POSCAR_Spg3_C24(1)C20(2),64,1,2,-528.56046,-8.258757,1.0476
R2S-64_006,results_RUN2_small,results_RUN2_small/64/006,2_POSCAR_Spg6_C24(1)C20(2),64,1,2,-524.23779,-8.191215,0.6079
R2S-68_011,results_RUN2_small,results_RUN2_small/68/011,4_POSCAR_Spg3_C24(2)C20(1),68,2,1,-557.19679,-8.19407,0.2103
R2S-68_004,results_RUN2_small,results_RUN2_small/68/004,2_POSCAR_Spg2_C24(2)C20(1),68,2,1,-563.15731,-8.281725,0.0991
R2S-68_005,results_RUN2_small,results_RUN2_small/68/005,2_POSCAR_Spg3_C24(2)C20(1),68,2,1,-557.14396,-8.193294,0.0693
R2S-68_013,results_RUN2_small,results_RUN2_small/68/013,5_POSCAR_Spg2_C24(2)C20(1),68,2,1,-559.58868,-8.229245,0.1371
R2S-68_012,results_RUN2_small,results_RUN2_small/68/012,4_POSCAR_Spg6_C24(2)C20(1),68,2,1,-559.49788,-8.22791,0.8344
R2S-68_008,results_RUN2_small,results_RUN2_small/68/008,3_POSCAR_Spg3_C24(2)C20(1),68,2,1,-561.80819,-8.261885,0.2048
R2S-68_015,results_RUN2_small,results_RUN2_small/68/015,5_POSCAR_Spg6_C24(2)C20(1),68,2,1,-560.05975,-8.236173,0.3617
R2S-68_002,results_RUN2_small,results_RUN2_small/68/002,1_POSCAR_Spg3_C24(2)C20(1),68,2,1,-561.72742,-8.260697,-0.1302
R2S-68_001,results_RUN2_small,results_RUN2_small/68/001,1_POSCAR_Spg2_C24(2)C20(1),68,2,1,-564.95055,-8.308096,-0.0373
R2S-68_010,results_RUN2_small,results_RUN2_small/68/010,4_POSCAR_Spg2_C24(2)C20(1),68,2,1,-558.39482,-8.211689,0.5771
R2S-68_003,results_RUN2_small,results_RUN2_small/68/003,1_POSCAR_Spg6_C24(2)C20(1),68,2,1,-566.08335,-8.324755,0.0895
R2S-68_014,results_RUN2_small,results_RUN2_small/68/014,5_POSCAR_Spg3_C24(2)C20(1),68,2,1,-565.712,-8.319294,1.0428
R2S-68_006,results_RUN2_small,results_RUN2_small/68/006,2_POSCAR_Spg6_C24(2)C20(1),68,2,1,-561.89993,-8.263234,0.2571
R2B-84_011,results_RUN2_big,results_RUN2_big/84/011,4_POSCAR_Spg3_C24(1)C20(3),84,1,3,-687.53898,-8.184988,-0.0185
R2B-84_004,results_RUN2_big,results_RUN2_big/84/004,2_POSCAR_Spg2_C24(1)C20(3),84,1,3,-689.07528,-8.203277,0.1342
R2B-84_005,results_RUN2_big,results_RUN2_big/84/005,2_POSCAR_Spg3_C24(1)C20(3),84,1,3,-689.61306,-8.209679,0.0331
R2B-84_013,results_RUN2_big,results_RUN2_big/84/013,5_POSCAR_Spg2_C24(1)C20(3),84,1,3,-693.81346,-8.259684,0.5966
R2B-84_012,results_RUN2_big,results_RUN2_big/84/012,4_POSCAR_Spg6_C24(1)C20(3),84,1,3,-689.4097,-8.207258,0.0599
R2B-84_008,results_RUN2_big,results_RUN2_big/84/008,3_POSCAR_Spg3_C24(1)C20(3),84,1,3,-689.97224,-8.213955,0.0548
R2B-84_015,results_RUN2_big,results_RUN2_big/84/015,5_POSCAR_Spg6_C24(1)C20(3),84,1,3,-690.52112,-8.22049,0.6477
R2B-84_002,results_RUN2_big,results_RUN2_big/84/002,1_POSCAR_Spg3_C24(1)C20(3),84,1,3,-694.75793,-8.270928,0.1189
R2B-84_009,results_RUN2_big,results_RUN2_big/84/009,3_POSCAR_Spg6_C24(1)C20(3),84,1,3,-686.87203,-8.177048,0.7661
R2B-84_001,results_RUN2_big,results_RUN2_big/84/001,1_POSCAR_Spg2_C24(1)C20(3),84,1,3,-688.48848,-8.196291,0.4228
R2B-84_010,results_RUN2_big,results_RUN2_big/84/010,4_POSCAR_Spg2_C24(1)C20(3),84,1,3,-701.27788,-8.348546,0.0248
R2B-84_007,results_RUN2_big,results_RUN2_big/84/007,3_POSCAR_Spg2_C24(1)C20(3),84,1,3,-690.81366,-8.223972,0.5161
R2B-84_003,results_RUN2_big,results_RUN2_big/84/003,1_POSCAR_Spg6_C24(1)C20(3),84,1,3,-692.67045,-8.246077,0.0537
R2B-84_014,results_RUN2_big,results_RUN2_big/84/014,5_POSCAR_Spg3_C24(1)C20(3),84,1,3,-690.86085,-8.224534,0.1207
R2B-84_006,results_RUN2_big,results_RUN2_big/84/006,2_POSCAR_Spg6_C24(1)C20(3),84,1,3,-689.8594,-8.212612,0.0785
R2B-108_011,results_RUN2_big,results_RUN2_big/108/011,4_POSCAR_Spg3_C24(2)C20(3),108,2,3,-893.42343,-8.272439,0.03
R2B-108_004,results_RUN2_big,results_RUN2_big/108/004,2_POSCAR_Spg2_C24(2)C20(3),108,2,3,-876.2446,-8.113376,0.0045
R2B-108_005,results_RUN2_big,results_RUN2_big/108/005,2_POSCAR_Spg3_C24(2)C20(3),108,2,3,-888.9557,-8.231071,0.007
R2B-108_013,results_RUN2_big,results_RUN2_big/108/013,5_POSCAR_Spg2_C24(2)C20(3),108,2,3,-898.05426,-8.315317,0.0702
R2B-108_008,results_RUN2_big,results_RUN2_big/108/008,3_POSCAR_Spg3_C24(2)C20(3),108,2,3,-890.55836,-8.245911,0.0239
R2B-108_015,results_RUN2_big,results_RUN2_big/108/015,5_POSCAR_Spg6_C24(2)C20(3),108,2,3,-892.7541,-8.266242,0.0233
R2B-108_002,results_RUN2_big,results_RUN2_big/108/002,1_POSCAR_Spg3_C24(2)C20(3),108,2,3,-890.01637,-8.240892,0.1113
R2B-108_009,results_RUN2_big,results_RUN2_big/108/009,3_POSCAR_Spg6_C24(2)C20(3),108,2,3,-889.05504,-8.231991,0.1818
R2B-108_001,results_RUN2_big,results_RUN2_big/108/001,1_POSCAR_Spg2_C24(2)C20(3),108,2,3,-890.74272,-8.247618,0.1049
R2B-108_010,results_RUN2_big,results_RUN2_big/108/010,4_POSCAR_Spg2_C24(2)C20(3),108,2,3,-894.50166,-8.282423,0.064
R2B-108_007,results_RUN2_big,results_RUN2_big/108/007,3_POSCAR_Spg2_C24(2)C20(3),108,2,3,-887.88478,-8.221155,0.2729
R2B-108_003,results_RUN2_big,results_RUN2_big/108/003,1_POSCAR_Spg6_C24(2)C20(3),108,2,3,-889.74373,-8.238368,0.0075
R2B-108_014,results_RUN2_big,results_RUN2_big/108/014,5_POSCAR_Spg3_C24(2)C20(3),108,2,3,-886.65615,-8.209779,0.3729
R2B-108_006,results_RUN2_big,results_RUN2_big/108/006,2_POSCAR_Spg6_C24(2)C20(3),108,2,3,-888.8536,-8.230126,0.691
R2B-104_011,results_RUN2_big,results_RUN2_big/104/011,4_POSCAR_Spg3_C24(1)C20(4),104,1,4,-851.19169,-8.184535,0.1672
R2B-104_004,results_RUN2_big,results_RUN2_big/104/004,2_POSCAR_Spg2_C24(1)C20(4),104,1,4,-853.25503,-8.204375,0.3565
R2B-104_005,results_RUN2_big,results_RUN2_big/104/005,2_POSCAR_Spg3_C24(1)C20(4),104,1,4,-853.62195,-8.207903,0.1134
R2B-104_013,results_RUN2_big,results_RUN2_big/104/013,5_POSCAR_Spg2_C24(1)C20(4),104,1,4,-858.27906,-8.252683,0.0986
R2B-104_012,results_RUN2_big,results_RUN2_big/104/012,4_POSCAR_Spg6_C24(1)C20(4),104,1,4,-856.40397,-8.234654,-0.0169
R2B-104_008,results_RUN2_big,results_RUN2_big/104/008,3_POSCAR_Spg3_C24(1)C20(4),104,1,4,-861.6135,-8.284745,0.0081
R2B-104_015,results_RUN2_big,results_RUN2_big/104/015,5_POSCAR_Spg6_C24(1)C20(4),104,1,4,-844.48115,-8.120011,0.2444
R2B-104_002,results_RUN2_big,results_RUN2_big/104/002,1_POSCAR_Spg3_C24(1)C20(4),104,1,4,-855.71612,-8.22804,0.1275
R2B-104_009,results_RUN2_big,results_RUN2_big/104/009,3_POSCAR_Spg6_C24(1)C20(4),104,1,4,-859.76665,-8.266987,0.0128
R2B-104_001,results_RUN2_big,results_RUN2_big/104/001,1_POSCAR_Spg2_C24(1)C20(4),104,1,4,-858.5903,-8.255676,0.1475
R2B-104_010,results_RUN2_big,results_RUN2_big/104/010,4_POSCAR_Spg2_C24(1)C20(4),104,1,4,-860.04839,-8.269696,0.0971
R2B-104_007,results_RUN2_big,results_RUN2_big/104/007,3_POSCAR_Spg2_C24(1)C20(4),104,1,4,-863.19486,-8.299951,0.1152
R2B-104_003,results_RUN2_big,results_RUN2_big/104/003,1_POSCAR_Spg6_C24(1)C20(4),104,1,4,-847.78434,-8.151772,0.0059
R2B-104_014,results_RUN2_big,results_RUN2_big/104/014,5_POSCAR_Spg3_C24(1)C20(4),104,1,4,-855.01008,-8.221251,0.0879
R2B-104_006,results_RUN2_big,results_RUN2_big/104/006,2_POSCAR_Spg6_C24(1)C20(4),104,1,4,-853.14216,-8.20329,0.1121
R2B-88_031,results_RUN2_big,results_RUN2_big/88/031,4_POSCAR_Spg8_C24(2)C20(2),88,2,2,-738.08147,-8.387289,0.5582
R2B-88_011,results_RUN2_big,results_RUN2_big/88/011,2_POSCAR_Spg4_C24(2)C20(2),88,2,2,-723.07427,-8.216753,0.1384
R2B-88_033,results_RUN2_big,results_RUN2_big/88/033,5_POSCAR_Spg2_C24(2)C20(2),88,2,2,-722.49963,-8.210223,0.055
R2B-88_030,results_RUN2_big,results_RUN2_big/88/030,4_POSCAR_Spg7_C24(2)C20(2),88,2,2,-722.32795,-8.208272,0.0183
R2B-88_004,results_RUN2_big,results_RUN2_big/88/004,1_POSCAR_Spg5_C24(2)C20(2),88,2,2,-723.91567,-8.226314,0.2251
R2B-88_037,results_RUN2_big,results_RUN2_big/88/037,5_POSCAR_Spg6_C24(2)C20(2),88,2,2,-728.17637,-8.274731,0.7746
R2B-88_017,results_RUN2_big,results_RUN2_big/88/017,3_POSCAR_Spg2_C24(2)C20(2),88,2,2,-731.074,-8.307659,0.2187
R2B-88_005,results_RUN2_big,results_RUN2_big/88/005,1_POSCAR_Spg6_C24(2)C20(2),88,2,2,-726.27526,-8.253128,0.0453
R2B-88_029,results_RUN2_big,results_RUN2_big/88/029,4_POSCAR_Spg6_C24(2)C20(2),88,2,2,-728.6142,-8.279707,0.1294
R2B-88_019,results_RUN2_big,results_RUN2_big/88/019,3_POSCAR_Spg4_C24(2)C20(2),88,2,2,-726.38277,-8.25435,0.2699
R2B-88_013,results_RUN2_big,results_RUN2_big/88/013,2_POSCAR_Spg6_C24(2)C20(2),88,2,2,-734.55578,-8.347225,1.0124
R2B-88_034,results_RUN2_big,results_RUN2_big/88/034,5_POSCAR_Spg3_C24(2)C20(2),88,2,2,-725.55565,-8.244951,0.1313
R2B-88_028,results_RUN2_big,results_RUN2_big/88/028,4_POSCAR_Spg5_C24(2)C20(2),88,2,2,-722.11703,-8.205875,0.3511
R2B-88_036,results_RUN2_big,results_RUN2_big/88/036,5_POSCAR_Spg5_C24(2)C20(2),88,2,2,-712.70126,-8.098878,0.7383
R2B-88_025,results_RUN2_big,results_RUN2_big/88/025,4_POSCAR_Spg2_C24(2)C20(2),88,2,2,-717.99623,-8.159048,0.1619
R2B-88_012,results_RUN2_big,results_RUN2_big/88/012,2_POSCAR_Spg5_C24(2)C20(2),88,2,2,-719.27064,-8.17353,0.299
R2B-88_008,results_RUN2_big,results_RUN2_big/88/008,1_POSCAR_Spg9_C24(2)C20(2),88,2,2,-714.40171,-8.118201,0.2967
R2B-88_015,results_RUN2_big,results_RUN2_big/88/015,2_POSCAR_Spg8_C24(2)C20(2),88,2,2,-727.78259,-8.270257,0.5591
R2B-88_002,results_RUN2_big,results_RUN2_big/88/002,1_POSCAR_Spg3_C24(2)C20(2),88,2,2,-729.97086,-8.295123,0.2461
R2B-88_026,results_RUN2_big,results_RUN2_big/88/026,4_POSCAR_Spg3_C24(2)C20(2),88,2,2,-736.59682,-8.370418,0.0903
R2B-88_018,results_RUN2_big,results_RUN2_big/88/018,3_POSCAR_Spg3_C24(2)C20(2),88,2,2,-725.35294,-8.242647,0.3478
R2B-88_009,results_RUN2_big,results_RUN2_big/88/009,2_POSCAR_Spg2_C24(2)C20(2),88,2,2,-727.26183,-8.264339,-0.0106
R2B-88_001,results_RUN2_big,results_RUN2_big/88/001,1_POSCAR_Spg2_C24(2)C20(2),88,2,2,-732.59304,-8.324921,0.0925
R2B-88_007,results_RUN2_big,results_RUN2_big/88/007,1_POSCAR_Spg8_C24(2)C20(2),88,2,2,-731.72098,-8.315011,0.0986
R2B-88_003,results_RUN2_big,results_RUN2_big/88/003,1_POSCAR_Spg4_C24(2)C20(2),88,2,2,-720.1349,-8.183351,0.2647
R2B-88_014,results_RUN2_big,results_RUN2_big/88/014,2_POSCAR_Spg7_C24(2)C20(2),88,2,2,-728.33011,-8.276479,0.0364
R2B-88_027,results_RUN2_big,results_RUN2_big/88/027,4_POSCAR_Spg4_C24(2)C20(2),88,2,2,-721.93762,-8.203837,0.3065
R2B-88_016,results_RUN2_big,results_RUN2_big/88/016,2_POSCAR_Spg9_C24(2)C20(2),88,2,2,-722.43837,-8.209527,0.0062
R2B-88_021,results_RUN2_big,results_RUN2_big/88/021,3_POSCAR_Spg6_C24(2)C20(2),88,2,2,-728.50054,-8.278415,0.0638
R2B-88_032,results_RUN2_big,results_RUN2_big/88/032,4_POSCAR_Spg9_C24(2)C20(2),88,2,2,-725.63694,-8.245874,0.391
R2B-88_038,results_RUN2_big,results_RUN2_big/88/038,5_POSCAR_Spg7_C24(2)C20(2),88,2,2,-723.84178,-8.225475,0.0935
R2B-88_022,results_RUN2_big,results_RUN2_big/88/022,3_POSCAR_Spg7_C24(2)C20(2),88,2,2,-726.72934,-8.258288,0.4598
R2B-88_035,results_RUN2_big,results_RUN2_big/88/035,5_POSCAR_Spg4_C24(2)C20(2),88,2,2,-730.8956,-8.305632,0.1305
R2B-88_006,results_RUN2_big,results_RUN2_big/88/006,1_POSCAR_Spg7_C24(2)C20(2),88,2,2,-733.48713,-8.335081,0.4866
R2B-128_031,results_RUN2_big,results_RUN2_big/128/031,4_POSCAR_Spg8_C24(2)C20(4),128,2,4,-1049.8032,-8.201588,0.1109
R2B-128_011,results_RUN2_big,results_RUN2_big/128/011,2_POSCAR_Spg4_C24(2)C20(4),128,2,4,-1049.4082,-8.198502,0.0389
R2B-128_033,results_RUN2_big,results_RUN2_big/128/033,5_POSCAR_Spg2_C24(2)C20(4),128,2,4,-1058.3114,-8.268058,0.095
R2B-128_030,results_RUN2_big,results_RUN2_big/128/030,4_POSCAR_Spg7_C24(2)C20(4),128,2,4,-1055.5093,-8.246166,0.044
R2B-128_004,results_RUN2_big,results_RUN2_big/128/004,1_POSCAR_Spg5_C24(2)C20(4),128,2,4,-1049.8173,-8.201698,0.0437
R2B-128_037,results_RUN2_big,results_RUN2_big/128/037,5_POSCAR_Spg6_C24(2)C20(4),128,2,4,-1055.6982,-8.247642,0.0646
R2B-128_017,results_RUN2_big,results_RUN2_big/128/017,3_POSCAR_Spg2_C24(2)C20(4),128,2,4,-1058.3175,-8.268105,0.0695
R2B-128_024,results_RUN2_big,results_RUN2_big/128/024,3_POSCAR_Spg9_C24(2)C20(4),128,2,4,-1054.2845,-8.236598,0.1104
R2B-128_005,results_RUN2_big,results_RUN2_big/128/005,1_POSCAR_Spg6_C24(2)C20(4),128,2,4,-1063.6149,-8.309491,0.1132
R2B-128_029,results_RUN2_big,results_RUN2_big/128/029,4_POSCAR_Spg6_C24(2)C20(4),128,2,4,-1056.5441,-8.254251,0.0306
R2B-128_023,results_RUN2_big,results_RUN2_big/128/023,3_POSCAR_Spg8_C24(2)C20(4),128,2,4,-1048.3312,-8.190088,0.369
R2B-128_019,results_RUN2_big,results_RUN2_big/128/019,3_POSCAR_Spg4_C24(2)C20(4),128,2,4,-1054.3833,-8.23737,0.0773
R2B-128_013,results_RUN2_big,results_RUN2_big/128/013,2_POSCAR_Spg6_C24(2)C20(4),128,2,4,-1048.8053,-8.193791,0.2637
R2B-128_034,results_RUN2_big,results_RUN2_big/128/034,5_POSCAR_Spg3_C24(2)C20(4),128,2,4,-1060.4447,-8.284724,-0.0051
R2B-128_028,results_RUN2_big,results_RUN2_big/128/028,4_POSCAR_Spg5_C24(2)C20(4),128,2,4,-1049.2269,-8.197085,0.1306
R2B-128_036,results_RUN2_big,results_RUN2_big/128/036,5_POSCAR_Spg5_C24(2)C20(4),128,2,4,-1048.3804,-8.190472,0.0851
R2B-128_040,results_RUN2_big,results_RUN2_big/128/040,5_POSCAR_Spg9_C24(2)C20(4),128,2,4,-1054.4794,-8.23812,0.0687
R2B-128_025,results_RUN2_big,results_RUN2_big/128/025,4_POSCAR_Spg2_C24(2)C20(4),128,2,4,-1048.8841,-8.194407,0.0906
R2B-128_039,results_RUN2_big,results_RUN2_big/128/039,5_POSCAR_Spg8_C24(2)C20(4),128,2,4,-1052.2146,-8.220427,0.5765
R2B-128_012,results_RUN2_big,results_RUN2_big/128/012,2_POSCAR_Spg5_C24(2)C20(4),128,2,4,-1057.2171,-8.259509,0.1272
R2B-128_008,results_RUN2_big,results_RUN2_big/128/008,1_POSCAR_Spg9_C24(2)C20(4),128,2,4,-1063.6818,-8.310014,0.5686
R2B-128_015,results_RUN2_big,results_RUN2_big/128/015,2_POSCAR_Spg8_C24(2)C20(4),128,2,4,-1049.0028,-8.195334,0.2196
R2B-128_002,results_RUN2_big,results_RUN2_big/128/002,1_POSCAR_Spg3_C24(2)C20(4),128,2,4,-1077.8493,-8.420698,0.1588
R2B-128_026,results_RUN2_big,results_RUN2_big/128/026,4_POSCAR_Spg3_C24(2)C20(4),128,2,4,-1068.4597,-8.347341,0.0924
R2B-128_018,results_RUN2_big,results_RUN2_big/128/018,3_POSCAR_Spg3_C24(2)C20(4),128,2,4,-1056.8356,-8.256528,0.0024
R2B-128_009,results_RUN2_big,results_RUN2_big/128/009,2_POSCAR_Spg2_C24(2)C20(4),128,2,4,-1067.2037,-8.337529,0.8174
R2B-128_001,results_RUN2_big,results_RUN2_big/128/001,1_POSCAR_Spg2_C24(2)C20(4),128,2,4,-1048.739,-8.193273,0.7222
R2B-128_010,results_RUN2_big,results_RUN2_big/128/010,2_POSCAR_Spg3_C24(2)C20(4),128,2,4,-1053.6743,-8.23183,0.0654
R2B-128_007,results_RUN2_big,results_RUN2_big/128/007,1_POSCAR_Spg8_C24(2)C20(4),128,2,4,-1060.7966,-8.287473,0.1775
R2B-128_003,results_RUN2_big,results_RUN2_big/128/003,1_POSCAR_Spg4_C24(2)C20(4),128,2,4,-1052.4471,-8.222243,0.0925
R2B-128_014,results_RUN2_big,results_RUN2_big/128/014,2_POSCAR_Spg7_C24(2)C20(4),128,2,4,-1049.3807,-8.198287,0.112
R2B-128_027,results_RUN2_big,results_RUN2_big/128/027,4_POSCAR_Spg4_C24(2)C20(4),128,2,4,-1050.081,-8.203758,0.2691
R2B-128_016,results_RUN2_big,results_RUN2_big/128/016,2_POSCAR_Spg9_C24(2)C20(4),128,2,4,-1057.4678,-8.261467,0.6616
R2B-128_021,results_RUN2_big,results_RUN2_big/128/021,3_POSCAR_Spg6_C24(2)C20(4),128,2,4,-1056.7825,-8.256113,0.1986
R2B-128_032,results_RUN2_big,results_RUN2_big/128/032,4_POSCAR_Spg9_C24(2)C20(4),128,2,4,-1060.2784,-8.283425,0.0769
R2B-128_038,results_RUN2_big,results_RUN2_big/128/038,5_POSCAR_Spg7_C24(2)C20(4),128,2,4,-1043.2517,-8.150404,0.0113
R2B-128_022,results_RUN2_big,results_RUN2_big/128/022,3_POSCAR_Spg7_C24(2)C20(4),128,2,4,-1053.1963,-8.228096,0.7006
R2B-128_035,results_RUN2_big,results_RUN2_big/128/035,5_POSCAR_Spg4_C24(2)C20(4),128,2,4,-1044.0836,-8.156903,0.0929
R2B-128_006,results_RUN2_big,results_RUN2_big/128/006,1_POSCAR_Spg7_C24(2)C20(4),128,2,4,-1057.8558,-8.264498,0.0233
